[
{
    "model": "pantry.fooditem",
    "pk": "acorn squash",
    "fields": {}
},
{
    "model": "pantry.fooditem",
    "pk": "all-purpose flour",
    "fields": {}
},
{
    "model": "pantry.fooditem",
    "pk": "allspice",
    "fields": {}
},
{
    "model": "pantry.fooditem",
    "pk": "apples",
    "fields": {}
},
{
    "model": "pantry.fooditem",
    "pk": "asparagus",
    "fields": {}
},
{
    "model": "pantry.fooditem",
    "pk": "baking soda",
    "fields": {}
},
{
    "model": "pantry.fooditem",
    "pk": "banana",
    "fields": {}
},
{
    "model": "pantry.fooditem",
    "pk": "basil",
    "fields": {}
},
{
    "model": "pantry.fooditem",
    "pk": "bay leaves",
    "fields": {}
},
{
    "model": "pantry.fooditem",
    "pk": "beans",
    "fields": {}
},
{
    "model": "pantry.fooditem",
    "pk": "bell pepper",
    "fields": {}
},
{
    "model": "pantry.fooditem",
    "pk": "berries",
    "fields": {}
},
{
    "model": "pantry.fooditem",
    "pk": "black beans",
    "fields": {}
},
{
    "model": "pantry.fooditem",
    "pk": "black pepper",
    "fields": {}
},
{
    "model": "pantry.fooditem",
    "pk": "blueberries",
    "fields": {}
},
{
    "model": "pantry.fooditem",
    "pk": "broccoli",
    "fields": {}
},
{
    "model": "pantry.fooditem",
    "pk": "brown rice",
    "fields": {}
},
{
    "model": "pantry.fooditem",
    "pk": "butter",
    "fields": {}
},
{
    "model": "pantry.fooditem",
    "pk": "cabbage",
    "fields": {}
},
{
    "model": "pantry.fooditem",
    "pk": "canola oil",
    "fields": {}
},
{
    "model": "pantry.fooditem",
    "pk": "caraway seeds",
    "fields": {}
},
{
    "model": "pantry.fooditem",
    "pk": "carrots",
    "fields": {}
},
{
    "model": "pantry.fooditem",
    "pk": "celery",
    "fields": {}
},
{
    "model": "pantry.fooditem",
    "pk": "celery salt",
    "fields": {}
},
{
    "model": "pantry.fooditem",
    "pk": "celery seed",
    "fields": {}
},
{
    "model": "pantry.fooditem",
    "pk": "celery stalk",
    "fields": {}
},
{
    "model": "pantry.fooditem",
    "pk": "cereal",
    "fields": {}
},
{
    "model": "pantry.fooditem",
    "pk": "cheddar cheese",
    "fields": {}
},
{
    "model": "pantry.fooditem",
    "pk": "cheese",
    "fields": {}
},
{
    "model": "pantry.fooditem",
    "pk": "chicken",
    "fields": {}
},
{
    "model": "pantry.fooditem",
    "pk": "chili powder",
    "fields": {}
},
{
    "model": "pantry.fooditem",
    "pk": "chives",
    "fields": {}
},
{
    "model": "pantry.fooditem",
    "pk": "cilantro",
    "fields": {}
},
{
    "model": "pantry.fooditem",
    "pk": "cilantro leaves",
    "fields": {}
},
{
    "model": "pantry.fooditem",
    "pk": "cinnamon",
    "fields": {}
},
{
    "model": "pantry.fooditem",
    "pk": "cloves",
    "fields": {}
},
{
    "model": "pantry.fooditem",
    "pk": "cooking oil",
    "fields": {}
},
{
    "model": "pantry.fooditem",
    "pk": "cooking spray",
    "fields": {}
},
{
    "model": "pantry.fooditem",
    "pk": "cornmeal",
    "fields": {}
},
{
    "model": "pantry.fooditem",
    "pk": "cranberries",
    "fields": {}
},
{
    "model": "pantry.fooditem",
    "pk": "cream of tartar",
    "fields": {}
},
{
    "model": "pantry.fooditem",
    "pk": "cumin",
    "fields": {}
},
{
    "model": "pantry.fooditem",
    "pk": "dill",
    "fields": {}
},
{
    "model": "pantry.fooditem",
    "pk": "dried beans",
    "fields": {}
},
{
    "model": "pantry.fooditem",
    "pk": "dry mustard",
    "fields": {}
},
{
    "model": "pantry.fooditem",
    "pk": "dry pinto beans",
    "fields": {}
},
{
    "model": "pantry.fooditem",
    "pk": "eggs",
    "fields": {}
},
{
    "model": "pantry.fooditem",
    "pk": "flour",
    "fields": {}
},
{
    "model": "pantry.fooditem",
    "pk": "fruit",
    "fields": {}
},
{
    "model": "pantry.fooditem",
    "pk": "garlic clove",
    "fields": {}
},
{
    "model": "pantry.fooditem",
    "pk": "ginger",
    "fields": {}
},
{
    "model": "pantry.fooditem",
    "pk": "green onion",
    "fields": {}
},
{
    "model": "pantry.fooditem",
    "pk": "green pepper",
    "fields": {}
},
{
    "model": "pantry.fooditem",
    "pk": "honey",
    "fields": {}
},
{
    "model": "pantry.fooditem",
    "pk": "jalapeno pepper",
    "fields": {}
},
{
    "model": "pantry.fooditem",
    "pk": "kale",
    "fields": {}
},
{
    "model": "pantry.fooditem",
    "pk": "kidney beans",
    "fields": {}
},
{
    "model": "pantry.fooditem",
    "pk": "lemon",
    "fields": {}
},
{
    "model": "pantry.fooditem",
    "pk": "lemon juice",
    "fields": {}
},
{
    "model": "pantry.fooditem",
    "pk": "lime",
    "fields": {}
},
{
    "model": "pantry.fooditem",
    "pk": "margarine",
    "fields": {}
},
{
    "model": "pantry.fooditem",
    "pk": "masa harina",
    "fields": {}
},
{
    "model": "pantry.fooditem",
    "pk": "mayonnaise",
    "fields": {}
},
{
    "model": "pantry.fooditem",
    "pk": "milk",
    "fields": {}
},
{
    "model": "pantry.fooditem",
    "pk": "mozzarella cheese",
    "fields": {}
},
{
    "model": "pantry.fooditem",
    "pk": "mustard",
    "fields": {}
},
{
    "model": "pantry.fooditem",
    "pk": "noodles",
    "fields": {}
},
{
    "model": "pantry.fooditem",
    "pk": "nutmeg",
    "fields": {}
},
{
    "model": "pantry.fooditem",
    "pk": "oatmeal",
    "fields": {}
},
{
    "model": "pantry.fooditem",
    "pk": "oil",
    "fields": {}
},
{
    "model": "pantry.fooditem",
    "pk": "olive oil",
    "fields": {}
},
{
    "model": "pantry.fooditem",
    "pk": "onion",
    "fields": {}
},
{
    "model": "pantry.fooditem",
    "pk": "onions",
    "fields": {}
},
{
    "model": "pantry.fooditem",
    "pk": "orange",
    "fields": {}
},
{
    "model": "pantry.fooditem",
    "pk": "orange juice",
    "fields": {}
},
{
    "model": "pantry.fooditem",
    "pk": "oregano",
    "fields": {}
},
{
    "model": "pantry.fooditem",
    "pk": "parmesan cheese",
    "fields": {}
},
{
    "model": "pantry.fooditem",
    "pk": "parsley",
    "fields": {}
},
{
    "model": "pantry.fooditem",
    "pk": "peanut butter",
    "fields": {}
},
{
    "model": "pantry.fooditem",
    "pk": "peanuts",
    "fields": {}
},
{
    "model": "pantry.fooditem",
    "pk": "peas",
    "fields": {}
},
{
    "model": "pantry.fooditem",
    "pk": "pineapple",
    "fields": {}
},
{
    "model": "pantry.fooditem",
    "pk": "potatoes",
    "fields": {}
},
{
    "model": "pantry.fooditem",
    "pk": "radishes",
    "fields": {}
},
{
    "model": "pantry.fooditem",
    "pk": "raisins",
    "fields": {}
},
{
    "model": "pantry.fooditem",
    "pk": "raspberries",
    "fields": {}
},
{
    "model": "pantry.fooditem",
    "pk": "red beans",
    "fields": {}
},
{
    "model": "pantry.fooditem",
    "pk": "red onions",
    "fields": {}
},
{
    "model": "pantry.fooditem",
    "pk": "red pepper",
    "fields": {}
},
{
    "model": "pantry.fooditem",
    "pk": "refried beans",
    "fields": {}
},
{
    "model": "pantry.fooditem",
    "pk": "rice",
    "fields": {}
},
{
    "model": "pantry.fooditem",
    "pk": "salt",
    "fields": {}
},
{
    "model": "pantry.fooditem",
    "pk": "scallion stalk",
    "fields": {}
},
{
    "model": "pantry.fooditem",
    "pk": "scallions",
    "fields": {}
},
{
    "model": "pantry.fooditem",
    "pk": "shortening",
    "fields": {}
},
{
    "model": "pantry.fooditem",
    "pk": "shredded coconut",
    "fields": {}
},
{
    "model": "pantry.fooditem",
    "pk": "slices bread",
    "fields": {}
},
{
    "model": "pantry.fooditem",
    "pk": "soy sauce",
    "fields": {}
},
{
    "model": "pantry.fooditem",
    "pk": "squash pulp",
    "fields": {}
},
{
    "model": "pantry.fooditem",
    "pk": "strawberries",
    "fields": {}
},
{
    "model": "pantry.fooditem",
    "pk": "sugar",
    "fields": {}
},
{
    "model": "pantry.fooditem",
    "pk": "sugar snap peas",
    "fields": {}
},
{
    "model": "pantry.fooditem",
    "pk": "summer squash",
    "fields": {}
},
{
    "model": "pantry.fooditem",
    "pk": "sweet onion",
    "fields": {}
},
{
    "model": "pantry.fooditem",
    "pk": "thyme",
    "fields": {}
},
{
    "model": "pantry.fooditem",
    "pk": "tomatoes",
    "fields": {}
},
{
    "model": "pantry.fooditem",
    "pk": "turmeric",
    "fields": {}
},
{
    "model": "pantry.fooditem",
    "pk": "vegetable oil",
    "fields": {}
},
{
    "model": "pantry.fooditem",
    "pk": "vegetables",
    "fields": {}
},
{
    "model": "pantry.fooditem",
    "pk": "vinegar",
    "fields": {}
},
{
    "model": "pantry.fooditem",
    "pk": "water",
    "fields": {}
},
{
    "model": "pantry.fooditem",
    "pk": "white beans",
    "fields": {}
},
{
    "model": "pantry.fooditem",
    "pk": "whole wheat flour",
    "fields": {}
},
{
    "model": "pantry.fooditem",
    "pk": "winter squash",
    "fields": {}
},
{
    "model": "pantry.fooditem",
    "pk": "yellow squash",
    "fields": {}
},
{
    "model": "pantry.fooditem",
    "pk": "yogurt",
    "fields": {}
},
{
    "model": "pantry.fooditem",
    "pk": "zucchini",
    "fields": {}
},
{
    "model": "pantry.course",
    "pk": "Beverage",
    "fields": {}
},
{
    "model": "pantry.course",
    "pk": "Bread",
    "fields": {}
},
{
    "model": "pantry.course",
    "pk": "Breakfast",
    "fields": {}
},
{
    "model": "pantry.course",
    "pk": "Dessert",
    "fields": {}
},
{
    "model": "pantry.course",
    "pk": "Main Dish",
    "fields": {}
},
{
    "model": "pantry.course",
    "pk": "Salad",
    "fields": {}
},
{
    "model": "pantry.course",
    "pk": "Sandwich",
    "fields": {}
},
{
    "model": "pantry.course",
    "pk": "Sauce",
    "fields": {}
},
{
    "model": "pantry.course",
    "pk": "Side Dish",
    "fields": {}
},
{
    "model": "pantry.course",
    "pk": "Soup",
    "fields": {}
},
{
    "model": "pantry.ingredient",
    "pk": 12817,
    "fields": {
        "quantity": "1/3 c",
        "name": "oatmeal",
        "notes": "dry quick-cooking"
    }
},
{
    "model": "pantry.ingredient",
    "pk": 12818,
    "fields": {
        "quantity": "1/8 tsp",
        "name": "salt",
        "notes": ""
    }
},
{
    "model": "pantry.ingredient",
    "pk": 12819,
    "fields": {
        "quantity": "3/4 c",
        "name": "water",
        "notes": "very hot"
    }
},
{
    "model": "pantry.ingredient",
    "pk": 12820,
    "fields": {
        "quantity": "1/2 ",
        "name": "banana",
        "notes": "sliced"
    }
},
{
    "model": "pantry.ingredient",
    "pk": 12821,
    "fields": {
        "quantity": "1/2 c",
        "name": "yogurt",
        "notes": "non-fat"
    }
},
{
    "model": "pantry.ingredient",
    "pk": 12822,
    "fields": {
        "quantity": "1 c",
        "name": "strawberries",
        "notes": "diced fresh or frozen"
    }
},
{
    "model": "pantry.ingredient",
    "pk": 12823,
    "fields": {
        "quantity": "1 c",
        "name": "water",
        "notes": "cubed"
    }
},
{
    "model": "pantry.ingredient",
    "pk": 12824,
    "fields": {
        "quantity": "1 c",
        "name": "pineapple",
        "notes": "fresh or canned packed in natural juice and do not drain"
    }
},
{
    "model": "pantry.ingredient",
    "pk": 12825,
    "fields": {
        "quantity": "2 tsp",
        "name": "vegetable oil",
        "notes": ""
    }
},
{
    "model": "pantry.ingredient",
    "pk": 12826,
    "fields": {
        "quantity": "1/2 c",
        "name": "onions",
        "notes": "chopped"
    }
},
{
    "model": "pantry.ingredient",
    "pk": 12827,
    "fields": {
        "quantity": "1/2 c",
        "name": "carrots",
        "notes": "chopped"
    }
},
{
    "model": "pantry.ingredient",
    "pk": 12828,
    "fields": {
        "quantity": "1 tsp",
        "name": "thyme",
        "notes": "ground"
    }
},
{
    "model": "pantry.ingredient",
    "pk": 12829,
    "fields": {
        "quantity": "2 ",
        "name": "garlic clove",
        "notes": "minced"
    }
},
{
    "model": "pantry.ingredient",
    "pk": 12830,
    "fields": {
        "quantity": "2 c",
        "name": "water",
        "notes": "or chicken broth"
    }
},
{
    "model": "pantry.ingredient",
    "pk": 12831,
    "fields": {
        "quantity": "3/4 c",
        "name": "tomatoes",
        "notes": "diced"
    }
},
{
    "model": "pantry.ingredient",
    "pk": 12832,
    "fields": {
        "quantity": "1 c",
        "name": "chicken",
        "notes": "cooked skinned and cubed"
    }
},
{
    "model": "pantry.ingredient",
    "pk": 12833,
    "fields": {
        "quantity": "1/2 c",
        "name": "brown rice",
        "notes": "cooked or white rice"
    }
},
{
    "model": "pantry.ingredient",
    "pk": 12834,
    "fields": {
        "quantity": "1 c",
        "name": "kale",
        "notes": "chopped about one large leaf"
    }
},
{
    "model": "pantry.ingredient",
    "pk": 12835,
    "fields": {
        "quantity": "4 c",
        "name": "cabbage",
        "notes": "shredded or thinly sliced"
    }
},
{
    "model": "pantry.ingredient",
    "pk": 12836,
    "fields": {
        "quantity": "1/4 c",
        "name": "carrots",
        "notes": "grated or finely sliced"
    }
},
{
    "model": "pantry.ingredient",
    "pk": 12837,
    "fields": {
        "quantity": "1/4 c",
        "name": "celery",
        "notes": "thinly sliced"
    }
},
{
    "model": "pantry.ingredient",
    "pk": 12838,
    "fields": {
        "quantity": "1/4 c",
        "name": "green pepper",
        "notes": "chopped"
    }
},
{
    "model": "pantry.ingredient",
    "pk": 12839,
    "fields": {
        "quantity": "1/3 tbsp",
        "name": "onions",
        "notes": "finely chopped"
    }
},
{
    "model": "pantry.ingredient",
    "pk": 12840,
    "fields": {
        "quantity": "1/2 tsp",
        "name": "dill",
        "notes": "or basil or parsley"
    }
},
{
    "model": "pantry.ingredient",
    "pk": 12841,
    "fields": {
        "quantity": "1/2 c",
        "name": "mayonnaise",
        "notes": "light or low-fat"
    }
},
{
    "model": "pantry.ingredient",
    "pk": 12842,
    "fields": {
        "quantity": "1/2 c",
        "name": "yogurt",
        "notes": "non-fat plain"
    }
},
{
    "model": "pantry.ingredient",
    "pk": 12843,
    "fields": {
        "quantity": "1 tsp",
        "name": "mustard",
        "notes": ""
    }
},
{
    "model": "pantry.ingredient",
    "pk": 12844,
    "fields": {
        "quantity": "1/2 tsp",
        "name": "lemon juice",
        "notes": ""
    }
},
{
    "model": "pantry.ingredient",
    "pk": 12845,
    "fields": {
        "quantity": "1/2 tsp",
        "name": "sugar",
        "notes": ""
    }
},
{
    "model": "pantry.ingredient",
    "pk": 12846,
    "fields": {
        "quantity": "1 c",
        "name": "noodles",
        "notes": "uncooked"
    }
},
{
    "model": "pantry.ingredient",
    "pk": 12847,
    "fields": {
        "quantity": "1 tbsp",
        "name": "vegetable oil",
        "notes": ""
    }
},
{
    "model": "pantry.ingredient",
    "pk": 12848,
    "fields": {
        "quantity": "2 c",
        "name": "vegetables",
        "notes": "chopped"
    }
},
{
    "model": "pantry.ingredient",
    "pk": 12849,
    "fields": {
        "quantity": "1 c",
        "name": "tomatoes",
        "notes": "chopped"
    }
},
{
    "model": "pantry.ingredient",
    "pk": 12850,
    "fields": {
        "quantity": "1 tbsp",
        "name": "margarine",
        "notes": ""
    }
},
{
    "model": "pantry.ingredient",
    "pk": 12851,
    "fields": {
        "quantity": "1/4 tsp",
        "name": "garlic clove",
        "notes": ""
    }
},
{
    "model": "pantry.ingredient",
    "pk": 12852,
    "fields": {
        "quantity": "1/8 tsp",
        "name": "black pepper",
        "notes": ""
    }
},
{
    "model": "pantry.ingredient",
    "pk": 12853,
    "fields": {
        "quantity": "3 tbsp",
        "name": "parmesan cheese",
        "notes": ""
    }
},
{
    "model": "pantry.ingredient",
    "pk": 12854,
    "fields": {
        "quantity": "1/4 c",
        "name": "orange juice",
        "notes": ""
    }
},
{
    "model": "pantry.ingredient",
    "pk": 12855,
    "fields": {
        "quantity": "1 ",
        "name": "apples",
        "notes": ""
    }
},
{
    "model": "pantry.ingredient",
    "pk": 12856,
    "fields": {
        "quantity": "1 ",
        "name": "orange",
        "notes": ""
    }
},
{
    "model": "pantry.ingredient",
    "pk": 12857,
    "fields": {
        "quantity": "1 ",
        "name": "banana",
        "notes": ""
    }
},
{
    "model": "pantry.ingredient",
    "pk": 12858,
    "fields": {
        "quantity": "1 ",
        "name": "banana",
        "notes": "frozen"
    }
},
{
    "model": "pantry.ingredient",
    "pk": 12859,
    "fields": {
        "quantity": "1/2 c",
        "name": "yogurt",
        "notes": "plain"
    }
},
{
    "model": "pantry.ingredient",
    "pk": 12860,
    "fields": {
        "quantity": "1/2 c",
        "name": "orange juice",
        "notes": "prepared"
    }
},
{
    "model": "pantry.ingredient",
    "pk": 12861,
    "fields": {
        "quantity": "2 c",
        "name": "beans",
        "notes": "dried pinto black or pink rinsed"
    }
},
{
    "model": "pantry.ingredient",
    "pk": 12862,
    "fields": {
        "quantity": "8 c",
        "name": "water",
        "notes": ""
    }
},
{
    "model": "pantry.ingredient",
    "pk": 12863,
    "fields": {
        "quantity": "1 ",
        "name": "onions",
        "notes": "chopped"
    }
},
{
    "model": "pantry.ingredient",
    "pk": 12864,
    "fields": {
        "quantity": "1 ",
        "name": "bay leaves",
        "notes": ""
    }
},
{
    "model": "pantry.ingredient",
    "pk": 12865,
    "fields": {
        "quantity": "1/4 tsp",
        "name": "salt",
        "notes": ""
    }
},
{
    "model": "pantry.ingredient",
    "pk": 12866,
    "fields": {
        "quantity": "2 ",
        "name": "tomatoes",
        "notes": "chopped"
    }
},
{
    "model": "pantry.ingredient",
    "pk": 12867,
    "fields": {
        "quantity": "1/2 ",
        "name": "onions",
        "notes": "chopped"
    }
},
{
    "model": "pantry.ingredient",
    "pk": 12868,
    "fields": {
        "quantity": "3 ",
        "name": "jalapeno pepper",
        "notes": "finely chopped seeded if desired"
    }
},
{
    "model": "pantry.ingredient",
    "pk": 12869,
    "fields": {
        "quantity": "1/4 c",
        "name": "cilantro",
        "notes": "chopped"
    }
},
{
    "model": "pantry.ingredient",
    "pk": 12870,
    "fields": {
        "quantity": "1/4 tsp",
        "name": "salt",
        "notes": ""
    }
},
{
    "model": "pantry.ingredient",
    "pk": 12871,
    "fields": {
        "quantity": "1 ",
        "name": "lime",
        "notes": "juiced"
    }
},
{
    "model": "pantry.ingredient",
    "pk": 12872,
    "fields": {
        "quantity": "1 tsp",
        "name": "olive oil",
        "notes": ""
    }
},
{
    "model": "pantry.ingredient",
    "pk": 12873,
    "fields": {
        "quantity": "1/2 c",
        "name": "sweet onion",
        "notes": "sliced"
    }
},
{
    "model": "pantry.ingredient",
    "pk": 12874,
    "fields": {
        "quantity": "1 ",
        "name": "garlic clove",
        "notes": "finely chopped"
    }
},
{
    "model": "pantry.ingredient",
    "pk": 12875,
    "fields": {
        "quantity": "3 ",
        "name": "potatoes",
        "notes": "tiny quartered"
    }
},
{
    "model": "pantry.ingredient",
    "pk": 12876,
    "fields": {
        "quantity": "3/4 c",
        "name": "carrots",
        "notes": "sliced"
    }
},
{
    "model": "pantry.ingredient",
    "pk": 12877,
    "fields": {
        "quantity": "3/4 c",
        "name": "asparagus",
        "notes": ""
    }
},
{
    "model": "pantry.ingredient",
    "pk": 12878,
    "fields": {
        "quantity": "3/4 c",
        "name": "sugar snap peas",
        "notes": "or green beans"
    }
},
{
    "model": "pantry.ingredient",
    "pk": 12879,
    "fields": {
        "quantity": "1/2 c",
        "name": "radishes",
        "notes": "quartered"
    }
},
{
    "model": "pantry.ingredient",
    "pk": 12880,
    "fields": {
        "quantity": "1/4 tsp",
        "name": "salt",
        "notes": ""
    }
},
{
    "model": "pantry.ingredient",
    "pk": 12881,
    "fields": {
        "quantity": "1/4 tsp",
        "name": "black pepper",
        "notes": ""
    }
},
{
    "model": "pantry.ingredient",
    "pk": 12882,
    "fields": {
        "quantity": "1/2 tsp",
        "name": "dill",
        "notes": "dried"
    }
},
{
    "model": "pantry.ingredient",
    "pk": 12883,
    "fields": {
        "quantity": "4 ",
        "name": "carrots",
        "notes": "medium peeled and grated"
    }
},
{
    "model": "pantry.ingredient",
    "pk": 12884,
    "fields": {
        "quantity": "1/4 c",
        "name": "raisins",
        "notes": ""
    }
},
{
    "model": "pantry.ingredient",
    "pk": 12885,
    "fields": {
        "quantity": "2 tsp",
        "name": "sugar",
        "notes": ""
    }
},
{
    "model": "pantry.ingredient",
    "pk": 12886,
    "fields": {
        "quantity": "1 ",
        "name": "lemon",
        "notes": "juiced"
    }
},
{
    "model": "pantry.ingredient",
    "pk": 12887,
    "fields": {
        "quantity": "1 ",
        "name": "onions",
        "notes": "sliced"
    }
},
{
    "model": "pantry.ingredient",
    "pk": 12888,
    "fields": {
        "quantity": "1 tsp",
        "name": "vegetable oil",
        "notes": ""
    }
},
{
    "model": "pantry.ingredient",
    "pk": 12889,
    "fields": {
        "quantity": "9/2 c",
        "name": "cabbage",
        "notes": "sliced"
    }
},
{
    "model": "pantry.ingredient",
    "pk": 12890,
    "fields": {
        "quantity": "1/4 tsp",
        "name": "salt",
        "notes": ""
    }
},
{
    "model": "pantry.ingredient",
    "pk": 12891,
    "fields": {
        "quantity": "1/4 tsp",
        "name": "black pepper",
        "notes": ""
    }
},
{
    "model": "pantry.ingredient",
    "pk": 12892,
    "fields": {
        "quantity": "1 tsp",
        "name": "caraway seeds",
        "notes": ""
    }
},
{
    "model": "pantry.ingredient",
    "pk": 12893,
    "fields": {
        "quantity": "1/4 c",
        "name": "honey",
        "notes": ""
    }
},
{
    "model": "pantry.ingredient",
    "pk": 12894,
    "fields": {
        "quantity": "1/4 c",
        "name": "peanut butter",
        "notes": ""
    }
},
{
    "model": "pantry.ingredient",
    "pk": 12895,
    "fields": {
        "quantity": "1/2 c",
        "name": "milk",
        "notes": "non-fat"
    }
},
{
    "model": "pantry.ingredient",
    "pk": 12896,
    "fields": {
        "quantity": "1/2 c",
        "name": "cereal",
        "notes": "crushed"
    }
},
{
    "model": "pantry.ingredient",
    "pk": 12897,
    "fields": {
        "quantity": "8 c",
        "name": "flour",
        "notes": "white"
    }
},
{
    "model": "pantry.ingredient",
    "pk": 12898,
    "fields": {
        "quantity": "3/2 c",
        "name": "sugar",
        "notes": ""
    }
},
{
    "model": "pantry.ingredient",
    "pk": 12899,
    "fields": {
        "quantity": "1 tbsp",
        "name": "baking soda",
        "notes": ""
    }
},
{
    "model": "pantry.ingredient",
    "pk": 12900,
    "fields": {
        "quantity": "3 tbsp",
        "name": "ginger",
        "notes": ""
    }
},
{
    "model": "pantry.ingredient",
    "pk": 12901,
    "fields": {
        "quantity": "3 tbsp",
        "name": "cinnamon",
        "notes": ""
    }
},
{
    "model": "pantry.ingredient",
    "pk": 12902,
    "fields": {
        "quantity": "1 tsp",
        "name": "cloves",
        "notes": ""
    }
},
{
    "model": "pantry.ingredient",
    "pk": 12903,
    "fields": {
        "quantity": "1 tsp",
        "name": "salt",
        "notes": ""
    }
},
{
    "model": "pantry.ingredient",
    "pk": 12904,
    "fields": {
        "quantity": "1 c",
        "name": "cereal",
        "notes": "flakes with raisins type"
    }
},
{
    "model": "pantry.ingredient",
    "pk": 12905,
    "fields": {
        "quantity": "1 c",
        "name": "cereal",
        "notes": "chex type"
    }
},
{
    "model": "pantry.ingredient",
    "pk": 12906,
    "fields": {
        "quantity": "1 c",
        "name": "cereal",
        "notes": "\"o\" type"
    }
},
{
    "model": "pantry.ingredient",
    "pk": 12907,
    "fields": {
        "quantity": "1/4 c",
        "name": "raisins",
        "notes": ""
    }
},
{
    "model": "pantry.ingredient",
    "pk": 12908,
    "fields": {
        "quantity": "1/4 c",
        "name": "peanuts",
        "notes": ""
    }
},
{
    "model": "pantry.ingredient",
    "pk": 12909,
    "fields": {
        "quantity": "1/4 c",
        "name": "shredded coconut",
        "notes": ""
    }
},
{
    "model": "pantry.ingredient",
    "pk": 12910,
    "fields": {
        "quantity": "4 ",
        "name": "potatoes",
        "notes": "sliced"
    }
},
{
    "model": "pantry.ingredient",
    "pk": 12911,
    "fields": {
        "quantity": "6 ",
        "name": "carrots",
        "notes": "sliced"
    }
},
{
    "model": "pantry.ingredient",
    "pk": 12912,
    "fields": {
        "quantity": "1 ",
        "name": "onions",
        "notes": "large quartered"
    }
},
{
    "model": "pantry.ingredient",
    "pk": 12913,
    "fields": {
        "quantity": "1 ",
        "name": "chicken",
        "notes": "raw - cut into pieces skin removed"
    }
},
{
    "model": "pantry.ingredient",
    "pk": 12914,
    "fields": {
        "quantity": "1/2 c",
        "name": "water",
        "notes": ""
    }
},
{
    "model": "pantry.ingredient",
    "pk": 12915,
    "fields": {
        "quantity": "1 tsp",
        "name": "thyme",
        "notes": ""
    }
},
{
    "model": "pantry.ingredient",
    "pk": 12916,
    "fields": {
        "quantity": "1/4 tsp",
        "name": "black pepper",
        "notes": ""
    }
},
{
    "model": "pantry.ingredient",
    "pk": 12917,
    "fields": {
        "quantity": "2 tbsp",
        "name": "cooking oil",
        "notes": "or margarine"
    }
},
{
    "model": "pantry.ingredient",
    "pk": 12918,
    "fields": {
        "quantity": "1 c",
        "name": "rice",
        "notes": "regular uncooked"
    }
},
{
    "model": "pantry.ingredient",
    "pk": 12919,
    "fields": {
        "quantity": "3 tbsp",
        "name": "onions",
        "notes": "minced"
    }
},
{
    "model": "pantry.ingredient",
    "pk": 12920,
    "fields": {
        "quantity": "1/2 c",
        "name": "carrots",
        "notes": "chopped or grated"
    }
},
{
    "model": "pantry.ingredient",
    "pk": 12921,
    "fields": {
        "quantity": "2 c",
        "name": "water",
        "notes": ""
    }
},
{
    "model": "pantry.ingredient",
    "pk": 12922,
    "fields": {
        "quantity": "4 ",
        "name": "eggs",
        "notes": "beaten"
    }
},
{
    "model": "pantry.ingredient",
    "pk": 12923,
    "fields": {
        "quantity": "4 ",
        "name": "eggs",
        "notes": "beaten"
    }
},
{
    "model": "pantry.ingredient",
    "pk": 12924,
    "fields": {
        "quantity": "1/4 c",
        "name": "milk",
        "notes": "non-fat"
    }
},
{
    "model": "pantry.ingredient",
    "pk": 12925,
    "fields": {
        "quantity": "1/2 c",
        "name": "peas",
        "notes": ""
    }
},
{
    "model": "pantry.ingredient",
    "pk": 12926,
    "fields": {
        "quantity": "2 tbsp",
        "name": "soy sauce",
        "notes": ""
    }
},
{
    "model": "pantry.ingredient",
    "pk": 12927,
    "fields": {
        "quantity": "1 tbsp",
        "name": "oil",
        "notes": ""
    }
},
{
    "model": "pantry.ingredient",
    "pk": 12928,
    "fields": {
        "quantity": "6 ",
        "name": "eggs",
        "notes": ""
    }
},
{
    "model": "pantry.ingredient",
    "pk": 12929,
    "fields": {
        "quantity": "1/2 c",
        "name": "milk",
        "notes": ""
    }
},
{
    "model": "pantry.ingredient",
    "pk": 12930,
    "fields": {
        "quantity": "1/2 c",
        "name": "cheese",
        "notes": "grated"
    }
},
{
    "model": "pantry.ingredient",
    "pk": 12931,
    "fields": {
        "quantity": "1 tsp",
        "name": "garlic clove",
        "notes": ""
    }
},
{
    "model": "pantry.ingredient",
    "pk": 12932,
    "fields": {
        "quantity": "3/2 tsp",
        "name": "oregano",
        "notes": ""
    }
},
{
    "model": "pantry.ingredient",
    "pk": 12933,
    "fields": {
        "quantity": "6 ",
        "name": "slices bread",
        "notes": "cubed approximately 6 cups"
    }
},
{
    "model": "pantry.ingredient",
    "pk": 12934,
    "fields": {
        "quantity": "3/2 c",
        "name": "broccoli",
        "notes": "frozen chopped and cooked"
    }
},
{
    "model": "pantry.ingredient",
    "pk": 12935,
    "fields": {
        "quantity": "1 c",
        "name": "cheddar cheese",
        "notes": "low-fat shredded"
    }
},
{
    "model": "pantry.ingredient",
    "pk": 12936,
    "fields": {
        "quantity": "1 tbsp",
        "name": "onions",
        "notes": "minced optional used in analysis"
    }
},
{
    "model": "pantry.ingredient",
    "pk": 12937,
    "fields": {
        "quantity": "1 c",
        "name": "chicken",
        "notes": "skinless diced cooked"
    }
},
{
    "model": "pantry.ingredient",
    "pk": 12938,
    "fields": {
        "quantity": "3 ",
        "name": "eggs",
        "notes": ""
    }
},
{
    "model": "pantry.ingredient",
    "pk": 12939,
    "fields": {
        "quantity": "4 ",
        "name": "eggs",
        "notes": ""
    }
},
{
    "model": "pantry.ingredient",
    "pk": 12940,
    "fields": {
        "quantity": "2 c",
        "name": "milk",
        "notes": "non-fat"
    }
},
{
    "model": "pantry.ingredient",
    "pk": 12941,
    "fields": {
        "quantity": "1 ",
        "name": "yogurt",
        "notes": "pina colada 8 ounces"
    }
},
{
    "model": "pantry.ingredient",
    "pk": 12942,
    "fields": {
        "quantity": "5/2 c",
        "name": "strawberries",
        "notes": "sliced frozen thawed"
    }
},
{
    "model": "pantry.cuisine",
    "pk": "American",
    "fields": {}
},
{
    "model": "pantry.cuisine",
    "pk": "Asian",
    "fields": {}
},
{
    "model": "pantry.cuisine",
    "pk": "Latin American",
    "fields": {}
},
{
    "model": "pantry.recipe",
    "pk": "Baked Chicken with Vegetables",
    "fields": {
        "source": "https://whatscooking.fns.usda.gov/recipes/supplemental-nutrition-assistance-program-snap/baked-chicken-vegetables",
        "cuisines": [
            "American"
        ],
        "courses": [
            "Main Dish"
        ],
        "ingredients": [
            12910,
            12911,
            12912,
            12913,
            12914,
            12915,
            12916
        ]
    }
},
{
    "model": "pantry.recipe",
    "pk": "Banana Split Oatmeal",
    "fields": {
        "source": "https://whatscooking.fns.usda.gov/recipes/supplemental-nutrition-assistance-program-snap/banana-split-oatmeal",
        "cuisines": [
            "American"
        ],
        "courses": [
            "Breakfast"
        ],
        "ingredients": [
            12817,
            12818,
            12819,
            12820,
            12821
        ]
    }
},
{
    "model": "pantry.recipe",
    "pk": "Brag About it Bread Bake",
    "fields": {
        "source": "https://whatscooking.fns.usda.gov/recipes/supplemental-nutrition-assistance-program-snap/brag-about-it-bread-bake",
        "cuisines": [
            "American"
        ],
        "courses": [
            "Main Dish"
        ],
        "ingredients": [
            12933,
            12934,
            12935,
            12936,
            12937,
            12938,
            12939,
            12940
        ]
    }
},
{
    "model": "pantry.recipe",
    "pk": "Cabbage Comfort",
    "fields": {
        "source": "https://whatscooking.fns.usda.gov/recipes/supplemental-nutrition-assistance-program-snap/cabbage-comfort",
        "cuisines": [
            "American"
        ],
        "courses": [
            "Sauce"
        ],
        "ingredients": [
            12887,
            12888,
            12889,
            12890,
            12891,
            12892
        ]
    }
},
{
    "model": "pantry.recipe",
    "pk": "Cabbage Salad",
    "fields": {
        "source": "https://whatscooking.fns.usda.gov/recipes/supplemental-nutrition-assistance-program-snap/cabbage-salad",
        "cuisines": [
            "American"
        ],
        "courses": [
            "Salad",
            "Sauce"
        ],
        "ingredients": [
            12835,
            12836,
            12837,
            12838,
            12839,
            12840,
            12841,
            12842,
            12843,
            12844,
            12845
        ]
    }
},
{
    "model": "pantry.recipe",
    "pk": "Carrot Raisin Salad",
    "fields": {
        "source": "https://whatscooking.fns.usda.gov/recipes/supplemental-nutrition-assistance-program-snap/carrot-raisin-salad",
        "cuisines": [
            "American"
        ],
        "courses": [
            "Salad",
            "Sauce"
        ],
        "ingredients": [
            12883,
            12884,
            12885,
            12886
        ]
    }
},
{
    "model": "pantry.recipe",
    "pk": "Chicken Vegetable Soup with Kale",
    "fields": {
        "source": "https://whatscooking.fns.usda.gov/recipes/supplemental-nutrition-assistance-program-snap/chicken-vegetable-soup-kale",
        "cuisines": [
            "American"
        ],
        "courses": [
            "Soup"
        ],
        "ingredients": [
            12825,
            12826,
            12827,
            12828,
            12829,
            12830,
            12831,
            12832,
            12833,
            12834
        ]
    }
},
{
    "model": "pantry.recipe",
    "pk": "Fiesta Mix",
    "fields": {
        "source": "https://whatscooking.fns.usda.gov/recipes/supplemental-nutrition-assistance-program-snap/fiesta-mix",
        "cuisines": [
            "American"
        ],
        "courses": [
            "Side Dish"
        ],
        "ingredients": [
            12904,
            12905,
            12906,
            12907,
            12908,
            12909
        ]
    }
},
{
    "model": "pantry.recipe",
    "pk": "Flavorful Fried Rice",
    "fields": {
        "source": "https://whatscooking.fns.usda.gov/recipes/supplemental-nutrition-assistance-program-snap/flavorful-fried-rice",
        "cuisines": [
            "Asian"
        ],
        "courses": [
            "Main Dish"
        ],
        "ingredients": [
            12917,
            12918,
            12919,
            12920,
            12921,
            12922,
            12923,
            12924,
            12925,
            12926
        ]
    }
},
{
    "model": "pantry.recipe",
    "pk": "Fresh Salsa",
    "fields": {
        "source": "https://whatscooking.fns.usda.gov/recipes/supplemental-nutrition-assistance-program-snap/fresh-salsa",
        "cuisines": [
            "Latin American"
        ],
        "courses": [
            "Sandwich"
        ],
        "ingredients": [
            12866,
            12867,
            12868,
            12869,
            12870,
            12871
        ]
    }
},
{
    "model": "pantry.recipe",
    "pk": "Fruit Yogurt Pops",
    "fields": {
        "source": "https://whatscooking.fns.usda.gov/recipes/supplemental-nutrition-assistance-program-snap/fruit-yogurt-pops",
        "cuisines": [
            "American"
        ],
        "courses": [
            "Dessert",
            "Side Dish"
        ],
        "ingredients": [
            12941,
            12942
        ]
    }
},
{
    "model": "pantry.recipe",
    "pk": "Ginger Bread Mix",
    "fields": {
        "source": "https://whatscooking.fns.usda.gov/recipes/supplemental-nutrition-assistance-program-snap/ginger-bread-mix",
        "cuisines": [
            "American"
        ],
        "courses": [
            "Bread"
        ],
        "ingredients": [
            12897,
            12898,
            12899,
            12900,
            12901,
            12902,
            12903
        ]
    }
},
{
    "model": "pantry.recipe",
    "pk": "Honey Milk Balls",
    "fields": {
        "source": "https://whatscooking.fns.usda.gov/recipes/supplemental-nutrition-assistance-program-snap/honey-milk-balls",
        "cuisines": [
            "American"
        ],
        "courses": [
            "Dessert",
            "Side Dish"
        ],
        "ingredients": [
            12893,
            12894,
            12895,
            12896
        ]
    }
},
{
    "model": "pantry.recipe",
    "pk": "Orange Banana Frosty",
    "fields": {
        "source": "https://whatscooking.fns.usda.gov/recipes/supplemental-nutrition-assistance-program-snap/orange-banana-frosty",
        "cuisines": [
            "American"
        ],
        "courses": [
            "Beverage"
        ],
        "ingredients": [
            12858,
            12859,
            12860
        ]
    }
},
{
    "model": "pantry.recipe",
    "pk": "Pasta Primavera",
    "fields": {
        "source": "https://whatscooking.fns.usda.gov/recipes/supplemental-nutrition-assistance-program-snap/pasta-primavera",
        "cuisines": [
            "American"
        ],
        "courses": [
            "Main Dish"
        ],
        "ingredients": [
            12846,
            12847,
            12848,
            12849,
            12850,
            12851,
            12852,
            12853
        ]
    }
},
{
    "model": "pantry.recipe",
    "pk": "Simmered Beans",
    "fields": {
        "source": "https://whatscooking.fns.usda.gov/recipes/supplemental-nutrition-assistance-program-snap/simmered-beans",
        "cuisines": [
            "Latin American"
        ],
        "courses": [
            "Sauce"
        ],
        "ingredients": [
            12861,
            12862,
            12863,
            12864,
            12865
        ]
    }
},
{
    "model": "pantry.recipe",
    "pk": "Spring Vegetable Saute",
    "fields": {
        "source": "https://whatscooking.fns.usda.gov/recipes/supplemental-nutrition-assistance-program-snap/spring-vegetable-saute",
        "cuisines": [
            "American"
        ],
        "courses": [
            "Sauce"
        ],
        "ingredients": [
            12872,
            12873,
            12874,
            12875,
            12876,
            12877,
            12878,
            12879,
            12880,
            12881,
            12882
        ]
    }
},
{
    "model": "pantry.recipe",
    "pk": "Summer Fruit Salad",
    "fields": {
        "source": "https://whatscooking.fns.usda.gov/recipes/supplemental-nutrition-assistance-program-snap/summer-fruit-salad",
        "cuisines": [
            "American"
        ],
        "courses": [
            "Dessert",
            "Salad"
        ],
        "ingredients": [
            12822,
            12823,
            12824
        ]
    }
},
{
    "model": "pantry.recipe",
    "pk": "Sure to Please Baked Eggs & Cheese",
    "fields": {
        "source": "https://whatscooking.fns.usda.gov/recipes/supplemental-nutrition-assistance-program-snap/sure-please-baked-eggs-cheese",
        "cuisines": [
            "American"
        ],
        "courses": [
            "Breakfast",
            "Main Dish"
        ],
        "ingredients": [
            12927,
            12928,
            12929,
            12930,
            12931,
            12932
        ]
    }
},
{
    "model": "pantry.recipe",
    "pk": "Tropical Morning Treat",
    "fields": {
        "source": "https://whatscooking.fns.usda.gov/recipes/supplemental-nutrition-assistance-program-snap/tropical-morning-treat",
        "cuisines": [
            "American"
        ],
        "courses": [
            "Breakfast",
            "Sauce",
            "Side Dish"
        ],
        "ingredients": [
            12854,
            12855,
            12856,
            12857
        ]
    }
},
{
    "model": "pantry.substitution",
    "pk": 1195,
    "fields": {
        "original_food": "acorn squash"
    }
},
{
    "model": "pantry.substitution",
    "pk": 1196,
    "fields": {
        "original_food": "acorn squash"
    }
},
{
    "model": "pantry.substitution",
    "pk": 1197,
    "fields": {
        "original_food": "acorn squash"
    }
},
{
    "model": "pantry.substitution",
    "pk": 1198,
    "fields": {
        "original_food": "acorn squash"
    }
},
{
    "model": "pantry.substitution",
    "pk": 1199,
    "fields": {
        "original_food": "acorn squash"
    }
},
{
    "model": "pantry.substitution",
    "pk": 1200,
    "fields": {
        "original_food": "acorn squash"
    }
},
{
    "model": "pantry.substitution",
    "pk": 1201,
    "fields": {
        "original_food": "all-purpose flour"
    }
},
{
    "model": "pantry.substitution",
    "pk": 1202,
    "fields": {
        "original_food": "allspice"
    }
},
{
    "model": "pantry.substitution",
    "pk": 1203,
    "fields": {
        "original_food": "allspice"
    }
},
{
    "model": "pantry.substitution",
    "pk": 1204,
    "fields": {
        "original_food": "allspice"
    }
},
{
    "model": "pantry.substitution",
    "pk": 1205,
    "fields": {
        "original_food": "basil"
    }
},
{
    "model": "pantry.substitution",
    "pk": 1206,
    "fields": {
        "original_food": "basil"
    }
},
{
    "model": "pantry.substitution",
    "pk": 1207,
    "fields": {
        "original_food": "beans"
    }
},
{
    "model": "pantry.substitution",
    "pk": 1208,
    "fields": {
        "original_food": "beans"
    }
},
{
    "model": "pantry.substitution",
    "pk": 1209,
    "fields": {
        "original_food": "beans"
    }
},
{
    "model": "pantry.substitution",
    "pk": 1210,
    "fields": {
        "original_food": "beans"
    }
},
{
    "model": "pantry.substitution",
    "pk": 1211,
    "fields": {
        "original_food": "beans"
    }
},
{
    "model": "pantry.substitution",
    "pk": 1212,
    "fields": {
        "original_food": "beans"
    }
},
{
    "model": "pantry.substitution",
    "pk": 1213,
    "fields": {
        "original_food": "beans"
    }
},
{
    "model": "pantry.substitution",
    "pk": 1214,
    "fields": {
        "original_food": "beans"
    }
},
{
    "model": "pantry.substitution",
    "pk": 1215,
    "fields": {
        "original_food": "bell pepper"
    }
},
{
    "model": "pantry.substitution",
    "pk": 1216,
    "fields": {
        "original_food": "bell pepper"
    }
},
{
    "model": "pantry.substitution",
    "pk": 1217,
    "fields": {
        "original_food": "bell pepper"
    }
},
{
    "model": "pantry.substitution",
    "pk": 1218,
    "fields": {
        "original_food": "berries"
    }
},
{
    "model": "pantry.substitution",
    "pk": 1219,
    "fields": {
        "original_food": "berries"
    }
},
{
    "model": "pantry.substitution",
    "pk": 1220,
    "fields": {
        "original_food": "berries"
    }
},
{
    "model": "pantry.substitution",
    "pk": 1221,
    "fields": {
        "original_food": "berries"
    }
},
{
    "model": "pantry.substitution",
    "pk": 1222,
    "fields": {
        "original_food": "berries"
    }
},
{
    "model": "pantry.substitution",
    "pk": 1223,
    "fields": {
        "original_food": "berries"
    }
},
{
    "model": "pantry.substitution",
    "pk": 1224,
    "fields": {
        "original_food": "black beans"
    }
},
{
    "model": "pantry.substitution",
    "pk": 1225,
    "fields": {
        "original_food": "black beans"
    }
},
{
    "model": "pantry.substitution",
    "pk": 1226,
    "fields": {
        "original_food": "black beans"
    }
},
{
    "model": "pantry.substitution",
    "pk": 1227,
    "fields": {
        "original_food": "black beans"
    }
},
{
    "model": "pantry.substitution",
    "pk": 1228,
    "fields": {
        "original_food": "black beans"
    }
},
{
    "model": "pantry.substitution",
    "pk": 1229,
    "fields": {
        "original_food": "black beans"
    }
},
{
    "model": "pantry.substitution",
    "pk": 1230,
    "fields": {
        "original_food": "black beans"
    }
},
{
    "model": "pantry.substitution",
    "pk": 1231,
    "fields": {
        "original_food": "black beans"
    }
},
{
    "model": "pantry.substitution",
    "pk": 1232,
    "fields": {
        "original_food": "blueberries"
    }
},
{
    "model": "pantry.substitution",
    "pk": 1233,
    "fields": {
        "original_food": "blueberries"
    }
},
{
    "model": "pantry.substitution",
    "pk": 1234,
    "fields": {
        "original_food": "blueberries"
    }
},
{
    "model": "pantry.substitution",
    "pk": 1235,
    "fields": {
        "original_food": "blueberries"
    }
},
{
    "model": "pantry.substitution",
    "pk": 1236,
    "fields": {
        "original_food": "blueberries"
    }
},
{
    "model": "pantry.substitution",
    "pk": 1237,
    "fields": {
        "original_food": "blueberries"
    }
},
{
    "model": "pantry.substitution",
    "pk": 1238,
    "fields": {
        "original_food": "brown rice"
    }
},
{
    "model": "pantry.substitution",
    "pk": 1239,
    "fields": {
        "original_food": "brown rice"
    }
},
{
    "model": "pantry.substitution",
    "pk": 1240,
    "fields": {
        "original_food": "butter"
    }
},
{
    "model": "pantry.substitution",
    "pk": 1241,
    "fields": {
        "original_food": "canola oil"
    }
},
{
    "model": "pantry.substitution",
    "pk": 1242,
    "fields": {
        "original_food": "canola oil"
    }
},
{
    "model": "pantry.substitution",
    "pk": 1243,
    "fields": {
        "original_food": "canola oil"
    }
},
{
    "model": "pantry.substitution",
    "pk": 1244,
    "fields": {
        "original_food": "canola oil"
    }
},
{
    "model": "pantry.substitution",
    "pk": 1245,
    "fields": {
        "original_food": "canola oil"
    }
},
{
    "model": "pantry.substitution",
    "pk": 1246,
    "fields": {
        "original_food": "canola oil"
    }
},
{
    "model": "pantry.substitution",
    "pk": 1247,
    "fields": {
        "original_food": "celery"
    }
},
{
    "model": "pantry.substitution",
    "pk": 1248,
    "fields": {
        "original_food": "celery"
    }
},
{
    "model": "pantry.substitution",
    "pk": 1249,
    "fields": {
        "original_food": "celery salt"
    }
},
{
    "model": "pantry.substitution",
    "pk": 1250,
    "fields": {
        "original_food": "celery stalk"
    }
},
{
    "model": "pantry.substitution",
    "pk": 1251,
    "fields": {
        "original_food": "celery stalk"
    }
},
{
    "model": "pantry.substitution",
    "pk": 1252,
    "fields": {
        "original_food": "cheddar cheese"
    }
},
{
    "model": "pantry.substitution",
    "pk": 1253,
    "fields": {
        "original_food": "cheddar cheese"
    }
},
{
    "model": "pantry.substitution",
    "pk": 1254,
    "fields": {
        "original_food": "cheddar cheese"
    }
},
{
    "model": "pantry.substitution",
    "pk": 1255,
    "fields": {
        "original_food": "cheddar cheese"
    }
},
{
    "model": "pantry.substitution",
    "pk": 1256,
    "fields": {
        "original_food": "cheese"
    }
},
{
    "model": "pantry.substitution",
    "pk": 1257,
    "fields": {
        "original_food": "cheese"
    }
},
{
    "model": "pantry.substitution",
    "pk": 1258,
    "fields": {
        "original_food": "cheese"
    }
},
{
    "model": "pantry.substitution",
    "pk": 1259,
    "fields": {
        "original_food": "cheese"
    }
},
{
    "model": "pantry.substitution",
    "pk": 1260,
    "fields": {
        "original_food": "chili powder"
    }
},
{
    "model": "pantry.substitution",
    "pk": 1261,
    "fields": {
        "original_food": "chives"
    }
},
{
    "model": "pantry.substitution",
    "pk": 1262,
    "fields": {
        "original_food": "chives"
    }
},
{
    "model": "pantry.substitution",
    "pk": 1263,
    "fields": {
        "original_food": "chives"
    }
},
{
    "model": "pantry.substitution",
    "pk": 1264,
    "fields": {
        "original_food": "chives"
    }
},
{
    "model": "pantry.substitution",
    "pk": 1265,
    "fields": {
        "original_food": "chives"
    }
},
{
    "model": "pantry.substitution",
    "pk": 1266,
    "fields": {
        "original_food": "chives"
    }
},
{
    "model": "pantry.substitution",
    "pk": 1267,
    "fields": {
        "original_food": "chives"
    }
},
{
    "model": "pantry.substitution",
    "pk": 1268,
    "fields": {
        "original_food": "chives"
    }
},
{
    "model": "pantry.substitution",
    "pk": 1269,
    "fields": {
        "original_food": "cilantro"
    }
},
{
    "model": "pantry.substitution",
    "pk": 1270,
    "fields": {
        "original_food": "cilantro"
    }
},
{
    "model": "pantry.substitution",
    "pk": 1271,
    "fields": {
        "original_food": "cilantro leaves"
    }
},
{
    "model": "pantry.substitution",
    "pk": 1272,
    "fields": {
        "original_food": "cinnamon"
    }
},
{
    "model": "pantry.substitution",
    "pk": 1273,
    "fields": {
        "original_food": "cinnamon"
    }
},
{
    "model": "pantry.substitution",
    "pk": 1274,
    "fields": {
        "original_food": "cooking oil"
    }
},
{
    "model": "pantry.substitution",
    "pk": 1275,
    "fields": {
        "original_food": "cooking oil"
    }
},
{
    "model": "pantry.substitution",
    "pk": 1276,
    "fields": {
        "original_food": "cooking oil"
    }
},
{
    "model": "pantry.substitution",
    "pk": 1277,
    "fields": {
        "original_food": "cooking oil"
    }
},
{
    "model": "pantry.substitution",
    "pk": 1278,
    "fields": {
        "original_food": "cooking oil"
    }
},
{
    "model": "pantry.substitution",
    "pk": 1279,
    "fields": {
        "original_food": "cooking oil"
    }
},
{
    "model": "pantry.substitution",
    "pk": 1280,
    "fields": {
        "original_food": "cooking oil"
    }
},
{
    "model": "pantry.substitution",
    "pk": 1281,
    "fields": {
        "original_food": "cooking spray"
    }
},
{
    "model": "pantry.substitution",
    "pk": 1282,
    "fields": {
        "original_food": "cooking spray"
    }
},
{
    "model": "pantry.substitution",
    "pk": 1283,
    "fields": {
        "original_food": "cooking spray"
    }
},
{
    "model": "pantry.substitution",
    "pk": 1284,
    "fields": {
        "original_food": "cooking spray"
    }
},
{
    "model": "pantry.substitution",
    "pk": 1285,
    "fields": {
        "original_food": "cooking spray"
    }
},
{
    "model": "pantry.substitution",
    "pk": 1286,
    "fields": {
        "original_food": "cooking spray"
    }
},
{
    "model": "pantry.substitution",
    "pk": 1287,
    "fields": {
        "original_food": "cornmeal"
    }
},
{
    "model": "pantry.substitution",
    "pk": 1288,
    "fields": {
        "original_food": "cranberries"
    }
},
{
    "model": "pantry.substitution",
    "pk": 1289,
    "fields": {
        "original_food": "cranberries"
    }
},
{
    "model": "pantry.substitution",
    "pk": 1290,
    "fields": {
        "original_food": "cranberries"
    }
},
{
    "model": "pantry.substitution",
    "pk": 1291,
    "fields": {
        "original_food": "cranberries"
    }
},
{
    "model": "pantry.substitution",
    "pk": 1292,
    "fields": {
        "original_food": "cranberries"
    }
},
{
    "model": "pantry.substitution",
    "pk": 1293,
    "fields": {
        "original_food": "cranberries"
    }
},
{
    "model": "pantry.substitution",
    "pk": 1294,
    "fields": {
        "original_food": "cream of tartar"
    }
},
{
    "model": "pantry.substitution",
    "pk": 1295,
    "fields": {
        "original_food": "cream of tartar"
    }
},
{
    "model": "pantry.substitution",
    "pk": 1296,
    "fields": {
        "original_food": "cumin"
    }
},
{
    "model": "pantry.substitution",
    "pk": 1297,
    "fields": {
        "original_food": "dried beans"
    }
},
{
    "model": "pantry.substitution",
    "pk": 1298,
    "fields": {
        "original_food": "dried beans"
    }
},
{
    "model": "pantry.substitution",
    "pk": 1299,
    "fields": {
        "original_food": "dried beans"
    }
},
{
    "model": "pantry.substitution",
    "pk": 1300,
    "fields": {
        "original_food": "dried beans"
    }
},
{
    "model": "pantry.substitution",
    "pk": 1301,
    "fields": {
        "original_food": "dried beans"
    }
},
{
    "model": "pantry.substitution",
    "pk": 1302,
    "fields": {
        "original_food": "dried beans"
    }
},
{
    "model": "pantry.substitution",
    "pk": 1303,
    "fields": {
        "original_food": "dried beans"
    }
},
{
    "model": "pantry.substitution",
    "pk": 1304,
    "fields": {
        "original_food": "dried beans"
    }
},
{
    "model": "pantry.substitution",
    "pk": 1305,
    "fields": {
        "original_food": "dry mustard"
    }
},
{
    "model": "pantry.substitution",
    "pk": 1306,
    "fields": {
        "original_food": "dry pinto beans"
    }
},
{
    "model": "pantry.substitution",
    "pk": 1307,
    "fields": {
        "original_food": "dry pinto beans"
    }
},
{
    "model": "pantry.substitution",
    "pk": 1308,
    "fields": {
        "original_food": "dry pinto beans"
    }
},
{
    "model": "pantry.substitution",
    "pk": 1309,
    "fields": {
        "original_food": "dry pinto beans"
    }
},
{
    "model": "pantry.substitution",
    "pk": 1310,
    "fields": {
        "original_food": "dry pinto beans"
    }
},
{
    "model": "pantry.substitution",
    "pk": 1311,
    "fields": {
        "original_food": "dry pinto beans"
    }
},
{
    "model": "pantry.substitution",
    "pk": 1312,
    "fields": {
        "original_food": "dry pinto beans"
    }
},
{
    "model": "pantry.substitution",
    "pk": 1313,
    "fields": {
        "original_food": "dry pinto beans"
    }
},
{
    "model": "pantry.substitutefood",
    "pk": 1194,
    "fields": {
        "substitute_food": "winter squash",
        "ratio": "1",
        "substitution": 1195
    }
},
{
    "model": "pantry.substitutefood",
    "pk": 1195,
    "fields": {
        "substitute_food": "squash pulp",
        "ratio": "1",
        "substitution": 1196
    }
},
{
    "model": "pantry.substitutefood",
    "pk": 1196,
    "fields": {
        "substitute_food": "summer squash",
        "ratio": "1",
        "substitution": 1197
    }
},
{
    "model": "pantry.substitutefood",
    "pk": 1197,
    "fields": {
        "substitute_food": "yellow squash",
        "ratio": "1",
        "substitution": 1198
    }
},
{
    "model": "pantry.substitutefood",
    "pk": 1198,
    "fields": {
        "substitute_food": "zucchini",
        "ratio": "1",
        "substitution": 1199
    }
},
{
    "model": "pantry.substitutefood",
    "pk": 1199,
    "fields": {
        "substitute_food": "acorn squash",
        "ratio": "1",
        "substitution": 1200
    }
},
{
    "model": "pantry.substitutefood",
    "pk": 1200,
    "fields": {
        "substitute_food": "whole wheat flour",
        "ratio": "1",
        "substitution": 1201
    }
},
{
    "model": "pantry.substitutefood",
    "pk": 1201,
    "fields": {
        "substitute_food": "cinnamon",
        "ratio": "1/2",
        "substitution": 1202
    }
},
{
    "model": "pantry.substitutefood",
    "pk": 1202,
    "fields": {
        "substitute_food": "ginger",
        "ratio": "1/4",
        "substitution": 1202
    }
},
{
    "model": "pantry.substitutefood",
    "pk": 1203,
    "fields": {
        "substitute_food": "cloves",
        "ratio": "1/4",
        "substitution": 1202
    }
},
{
    "model": "pantry.substitutefood",
    "pk": 1204,
    "fields": {
        "substitute_food": "nutmeg",
        "ratio": "1",
        "substitution": 1203
    }
},
{
    "model": "pantry.substitutefood",
    "pk": 1205,
    "fields": {
        "substitute_food": "cinnamon",
        "ratio": "1",
        "substitution": 1204
    }
},
{
    "model": "pantry.substitutefood",
    "pk": 1206,
    "fields": {
        "substitute_food": "oregano",
        "ratio": "1",
        "substitution": 1205
    }
},
{
    "model": "pantry.substitutefood",
    "pk": 1207,
    "fields": {
        "substitute_food": "thyme",
        "ratio": "1",
        "substitution": 1206
    }
},
{
    "model": "pantry.substitutefood",
    "pk": 1208,
    "fields": {
        "substitute_food": "red beans",
        "ratio": "1",
        "substitution": 1207
    }
},
{
    "model": "pantry.substitutefood",
    "pk": 1209,
    "fields": {
        "substitute_food": "refried beans",
        "ratio": "1",
        "substitution": 1208
    }
},
{
    "model": "pantry.substitutefood",
    "pk": 1210,
    "fields": {
        "substitute_food": "white beans",
        "ratio": "1",
        "substitution": 1209
    }
},
{
    "model": "pantry.substitutefood",
    "pk": 1211,
    "fields": {
        "substitute_food": "beans",
        "ratio": "1",
        "substitution": 1210
    }
},
{
    "model": "pantry.substitutefood",
    "pk": 1212,
    "fields": {
        "substitute_food": "black beans",
        "ratio": "1",
        "substitution": 1211
    }
},
{
    "model": "pantry.substitutefood",
    "pk": 1213,
    "fields": {
        "substitute_food": "dried beans",
        "ratio": "1",
        "substitution": 1212
    }
},
{
    "model": "pantry.substitutefood",
    "pk": 1214,
    "fields": {
        "substitute_food": "dry pinto beans",
        "ratio": "1",
        "substitution": 1213
    }
},
{
    "model": "pantry.substitutefood",
    "pk": 1215,
    "fields": {
        "substitute_food": "kidney beans",
        "ratio": "1",
        "substitution": 1214
    }
},
{
    "model": "pantry.substitutefood",
    "pk": 1216,
    "fields": {
        "substitute_food": "red pepper",
        "ratio": "1",
        "substitution": 1215
    }
},
{
    "model": "pantry.substitutefood",
    "pk": 1217,
    "fields": {
        "substitute_food": "bell pepper",
        "ratio": "1",
        "substitution": 1216
    }
},
{
    "model": "pantry.substitutefood",
    "pk": 1218,
    "fields": {
        "substitute_food": "green pepper",
        "ratio": "1",
        "substitution": 1217
    }
},
{
    "model": "pantry.substitutefood",
    "pk": 1219,
    "fields": {
        "substitute_food": "fruit",
        "ratio": "1",
        "substitution": 1218
    }
},
{
    "model": "pantry.substitutefood",
    "pk": 1220,
    "fields": {
        "substitute_food": "berries",
        "ratio": "1",
        "substitution": 1219
    }
},
{
    "model": "pantry.substitutefood",
    "pk": 1221,
    "fields": {
        "substitute_food": "blueberries",
        "ratio": "1",
        "substitution": 1220
    }
},
{
    "model": "pantry.substitutefood",
    "pk": 1222,
    "fields": {
        "substitute_food": "strawberries",
        "ratio": "1",
        "substitution": 1221
    }
},
{
    "model": "pantry.substitutefood",
    "pk": 1223,
    "fields": {
        "substitute_food": "raspberries",
        "ratio": "1",
        "substitution": 1222
    }
},
{
    "model": "pantry.substitutefood",
    "pk": 1224,
    "fields": {
        "substitute_food": "cranberries",
        "ratio": "1",
        "substitution": 1223
    }
},
{
    "model": "pantry.substitutefood",
    "pk": 1225,
    "fields": {
        "substitute_food": "red beans",
        "ratio": "1",
        "substitution": 1224
    }
},
{
    "model": "pantry.substitutefood",
    "pk": 1226,
    "fields": {
        "substitute_food": "refried beans",
        "ratio": "1",
        "substitution": 1225
    }
},
{
    "model": "pantry.substitutefood",
    "pk": 1227,
    "fields": {
        "substitute_food": "white beans",
        "ratio": "1",
        "substitution": 1226
    }
},
{
    "model": "pantry.substitutefood",
    "pk": 1228,
    "fields": {
        "substitute_food": "beans",
        "ratio": "1",
        "substitution": 1227
    }
},
{
    "model": "pantry.substitutefood",
    "pk": 1229,
    "fields": {
        "substitute_food": "black beans",
        "ratio": "1",
        "substitution": 1228
    }
},
{
    "model": "pantry.substitutefood",
    "pk": 1230,
    "fields": {
        "substitute_food": "dried beans",
        "ratio": "1",
        "substitution": 1229
    }
},
{
    "model": "pantry.substitutefood",
    "pk": 1231,
    "fields": {
        "substitute_food": "dry pinto beans",
        "ratio": "1",
        "substitution": 1230
    }
},
{
    "model": "pantry.substitutefood",
    "pk": 1232,
    "fields": {
        "substitute_food": "kidney beans",
        "ratio": "1",
        "substitution": 1231
    }
},
{
    "model": "pantry.substitutefood",
    "pk": 1233,
    "fields": {
        "substitute_food": "fruit",
        "ratio": "1",
        "substitution": 1232
    }
},
{
    "model": "pantry.substitutefood",
    "pk": 1234,
    "fields": {
        "substitute_food": "berries",
        "ratio": "1",
        "substitution": 1233
    }
},
{
    "model": "pantry.substitutefood",
    "pk": 1235,
    "fields": {
        "substitute_food": "blueberries",
        "ratio": "1",
        "substitution": 1234
    }
},
{
    "model": "pantry.substitutefood",
    "pk": 1236,
    "fields": {
        "substitute_food": "strawberries",
        "ratio": "1",
        "substitution": 1235
    }
},
{
    "model": "pantry.substitutefood",
    "pk": 1237,
    "fields": {
        "substitute_food": "raspberries",
        "ratio": "1",
        "substitution": 1236
    }
},
{
    "model": "pantry.substitutefood",
    "pk": 1238,
    "fields": {
        "substitute_food": "cranberries",
        "ratio": "1",
        "substitution": 1237
    }
},
{
    "model": "pantry.substitutefood",
    "pk": 1239,
    "fields": {
        "substitute_food": "rice",
        "ratio": "1",
        "substitution": 1238
    }
},
{
    "model": "pantry.substitutefood",
    "pk": 1240,
    "fields": {
        "substitute_food": "brown rice",
        "ratio": "1",
        "substitution": 1239
    }
},
{
    "model": "pantry.substitutefood",
    "pk": 1241,
    "fields": {
        "substitute_food": "margarine",
        "ratio": "1",
        "substitution": 1240
    }
},
{
    "model": "pantry.substitutefood",
    "pk": 1242,
    "fields": {
        "substitute_food": "oil",
        "ratio": "1",
        "substitution": 1241
    }
},
{
    "model": "pantry.substitutefood",
    "pk": 1243,
    "fields": {
        "substitute_food": "olive oil",
        "ratio": "1",
        "substitution": 1242
    }
},
{
    "model": "pantry.substitutefood",
    "pk": 1244,
    "fields": {
        "substitute_food": "vegetable oil",
        "ratio": "1",
        "substitution": 1243
    }
},
{
    "model": "pantry.substitutefood",
    "pk": 1245,
    "fields": {
        "substitute_food": "canola oil",
        "ratio": "1",
        "substitution": 1244
    }
},
{
    "model": "pantry.substitutefood",
    "pk": 1246,
    "fields": {
        "substitute_food": "cooking oil",
        "ratio": "1",
        "substitution": 1245
    }
},
{
    "model": "pantry.substitutefood",
    "pk": 1247,
    "fields": {
        "substitute_food": "cooking spray",
        "ratio": "1",
        "substitution": 1246
    }
},
{
    "model": "pantry.substitutefood",
    "pk": 1248,
    "fields": {
        "substitute_food": "celery stalk",
        "ratio": "1",
        "substitution": 1247
    }
},
{
    "model": "pantry.substitutefood",
    "pk": 1249,
    "fields": {
        "substitute_food": "celery",
        "ratio": "1",
        "substitution": 1248
    }
},
{
    "model": "pantry.substitutefood",
    "pk": 1250,
    "fields": {
        "substitute_food": "salt",
        "ratio": "3/4",
        "substitution": 1249
    }
},
{
    "model": "pantry.substitutefood",
    "pk": 1251,
    "fields": {
        "substitute_food": "celery seed",
        "ratio": "1/4",
        "substitution": 1249
    }
},
{
    "model": "pantry.substitutefood",
    "pk": 1252,
    "fields": {
        "substitute_food": "celery stalk",
        "ratio": "1",
        "substitution": 1250
    }
},
{
    "model": "pantry.substitutefood",
    "pk": 1253,
    "fields": {
        "substitute_food": "celery",
        "ratio": "1",
        "substitution": 1251
    }
},
{
    "model": "pantry.substitutefood",
    "pk": 1254,
    "fields": {
        "substitute_food": "mozzarella cheese",
        "ratio": "1",
        "substitution": 1252
    }
},
{
    "model": "pantry.substitutefood",
    "pk": 1255,
    "fields": {
        "substitute_food": "cheese",
        "ratio": "1",
        "substitution": 1253
    }
},
{
    "model": "pantry.substitutefood",
    "pk": 1256,
    "fields": {
        "substitute_food": "cheddar cheese",
        "ratio": "1",
        "substitution": 1254
    }
},
{
    "model": "pantry.substitutefood",
    "pk": 1257,
    "fields": {
        "substitute_food": "parmesan cheese",
        "ratio": "1",
        "substitution": 1255
    }
},
{
    "model": "pantry.substitutefood",
    "pk": 1258,
    "fields": {
        "substitute_food": "mozzarella cheese",
        "ratio": "1",
        "substitution": 1256
    }
},
{
    "model": "pantry.substitutefood",
    "pk": 1259,
    "fields": {
        "substitute_food": "cheese",
        "ratio": "1",
        "substitution": 1257
    }
},
{
    "model": "pantry.substitutefood",
    "pk": 1260,
    "fields": {
        "substitute_food": "cheddar cheese",
        "ratio": "1",
        "substitution": 1258
    }
},
{
    "model": "pantry.substitutefood",
    "pk": 1261,
    "fields": {
        "substitute_food": "parmesan cheese",
        "ratio": "1",
        "substitution": 1259
    }
},
{
    "model": "pantry.substitutefood",
    "pk": 1262,
    "fields": {
        "substitute_food": "cumin",
        "ratio": "1",
        "substitution": 1260
    }
},
{
    "model": "pantry.substitutefood",
    "pk": 1263,
    "fields": {
        "substitute_food": "green onion",
        "ratio": "1",
        "substitution": 1261
    }
},
{
    "model": "pantry.substitutefood",
    "pk": 1264,
    "fields": {
        "substitute_food": "onion",
        "ratio": "1",
        "substitution": 1262
    }
},
{
    "model": "pantry.substitutefood",
    "pk": 1265,
    "fields": {
        "substitute_food": "red onions",
        "ratio": "1",
        "substitution": 1263
    }
},
{
    "model": "pantry.substitutefood",
    "pk": 1266,
    "fields": {
        "substitute_food": "onions",
        "ratio": "1",
        "substitution": 1264
    }
},
{
    "model": "pantry.substitutefood",
    "pk": 1267,
    "fields": {
        "substitute_food": "scallion stalk",
        "ratio": "1",
        "substitution": 1265
    }
},
{
    "model": "pantry.substitutefood",
    "pk": 1268,
    "fields": {
        "substitute_food": "scallions",
        "ratio": "1",
        "substitution": 1266
    }
},
{
    "model": "pantry.substitutefood",
    "pk": 1269,
    "fields": {
        "substitute_food": "sweet onion",
        "ratio": "1",
        "substitution": 1267
    }
},
{
    "model": "pantry.substitutefood",
    "pk": 1270,
    "fields": {
        "substitute_food": "chives",
        "ratio": "1",
        "substitution": 1268
    }
},
{
    "model": "pantry.substitutefood",
    "pk": 1271,
    "fields": {
        "substitute_food": "parsley",
        "ratio": "1",
        "substitution": 1269
    }
},
{
    "model": "pantry.substitutefood",
    "pk": 1272,
    "fields": {
        "substitute_food": "cilantro leaves",
        "ratio": "1",
        "substitution": 1270
    }
},
{
    "model": "pantry.substitutefood",
    "pk": 1273,
    "fields": {
        "substitute_food": "cilantro",
        "ratio": "1",
        "substitution": 1271
    }
},
{
    "model": "pantry.substitutefood",
    "pk": 1274,
    "fields": {
        "substitute_food": "nutmeg",
        "ratio": "1",
        "substitution": 1272
    }
},
{
    "model": "pantry.substitutefood",
    "pk": 1275,
    "fields": {
        "substitute_food": "allspice",
        "ratio": "1",
        "substitution": 1273
    }
},
{
    "model": "pantry.substitutefood",
    "pk": 1276,
    "fields": {
        "substitute_food": "shortening",
        "ratio": "1",
        "substitution": 1274
    }
},
{
    "model": "pantry.substitutefood",
    "pk": 1277,
    "fields": {
        "substitute_food": "oil",
        "ratio": "1",
        "substitution": 1275
    }
},
{
    "model": "pantry.substitutefood",
    "pk": 1278,
    "fields": {
        "substitute_food": "olive oil",
        "ratio": "1",
        "substitution": 1276
    }
},
{
    "model": "pantry.substitutefood",
    "pk": 1279,
    "fields": {
        "substitute_food": "vegetable oil",
        "ratio": "1",
        "substitution": 1277
    }
},
{
    "model": "pantry.substitutefood",
    "pk": 1280,
    "fields": {
        "substitute_food": "canola oil",
        "ratio": "1",
        "substitution": 1278
    }
},
{
    "model": "pantry.substitutefood",
    "pk": 1281,
    "fields": {
        "substitute_food": "cooking oil",
        "ratio": "1",
        "substitution": 1279
    }
},
{
    "model": "pantry.substitutefood",
    "pk": 1282,
    "fields": {
        "substitute_food": "cooking spray",
        "ratio": "1",
        "substitution": 1280
    }
},
{
    "model": "pantry.substitutefood",
    "pk": 1283,
    "fields": {
        "substitute_food": "oil",
        "ratio": "1",
        "substitution": 1281
    }
},
{
    "model": "pantry.substitutefood",
    "pk": 1284,
    "fields": {
        "substitute_food": "olive oil",
        "ratio": "1",
        "substitution": 1282
    }
},
{
    "model": "pantry.substitutefood",
    "pk": 1285,
    "fields": {
        "substitute_food": "vegetable oil",
        "ratio": "1",
        "substitution": 1283
    }
},
{
    "model": "pantry.substitutefood",
    "pk": 1286,
    "fields": {
        "substitute_food": "canola oil",
        "ratio": "1",
        "substitution": 1284
    }
},
{
    "model": "pantry.substitutefood",
    "pk": 1287,
    "fields": {
        "substitute_food": "cooking oil",
        "ratio": "1",
        "substitution": 1285
    }
},
{
    "model": "pantry.substitutefood",
    "pk": 1288,
    "fields": {
        "substitute_food": "cooking spray",
        "ratio": "1",
        "substitution": 1286
    }
},
{
    "model": "pantry.substitutefood",
    "pk": 1289,
    "fields": {
        "substitute_food": "masa harina",
        "ratio": "1",
        "substitution": 1287
    }
},
{
    "model": "pantry.substitutefood",
    "pk": 1290,
    "fields": {
        "substitute_food": "fruit",
        "ratio": "1",
        "substitution": 1288
    }
},
{
    "model": "pantry.substitutefood",
    "pk": 1291,
    "fields": {
        "substitute_food": "berries",
        "ratio": "1",
        "substitution": 1289
    }
},
{
    "model": "pantry.substitutefood",
    "pk": 1292,
    "fields": {
        "substitute_food": "blueberries",
        "ratio": "1",
        "substitution": 1290
    }
},
{
    "model": "pantry.substitutefood",
    "pk": 1293,
    "fields": {
        "substitute_food": "strawberries",
        "ratio": "1",
        "substitution": 1291
    }
},
{
    "model": "pantry.substitutefood",
    "pk": 1294,
    "fields": {
        "substitute_food": "raspberries",
        "ratio": "1",
        "substitution": 1292
    }
},
{
    "model": "pantry.substitutefood",
    "pk": 1295,
    "fields": {
        "substitute_food": "cranberries",
        "ratio": "1",
        "substitution": 1293
    }
},
{
    "model": "pantry.substitutefood",
    "pk": 1296,
    "fields": {
        "substitute_food": "lemon juice",
        "ratio": "3",
        "substitution": 1294
    }
},
{
    "model": "pantry.substitutefood",
    "pk": 1297,
    "fields": {
        "substitute_food": "vinegar",
        "ratio": "3",
        "substitution": 1295
    }
},
{
    "model": "pantry.substitutefood",
    "pk": 1298,
    "fields": {
        "substitute_food": "chili powder",
        "ratio": "1",
        "substitution": 1296
    }
},
{
    "model": "pantry.substitutefood",
    "pk": 1299,
    "fields": {
        "substitute_food": "red beans",
        "ratio": "1",
        "substitution": 1297
    }
},
{
    "model": "pantry.substitutefood",
    "pk": 1300,
    "fields": {
        "substitute_food": "refried beans",
        "ratio": "1",
        "substitution": 1298
    }
},
{
    "model": "pantry.substitutefood",
    "pk": 1301,
    "fields": {
        "substitute_food": "white beans",
        "ratio": "1",
        "substitution": 1299
    }
},
{
    "model": "pantry.substitutefood",
    "pk": 1302,
    "fields": {
        "substitute_food": "beans",
        "ratio": "1",
        "substitution": 1300
    }
},
{
    "model": "pantry.substitutefood",
    "pk": 1303,
    "fields": {
        "substitute_food": "black beans",
        "ratio": "1",
        "substitution": 1301
    }
},
{
    "model": "pantry.substitutefood",
    "pk": 1304,
    "fields": {
        "substitute_food": "dried beans",
        "ratio": "1",
        "substitution": 1302
    }
},
{
    "model": "pantry.substitutefood",
    "pk": 1305,
    "fields": {
        "substitute_food": "dry pinto beans",
        "ratio": "1",
        "substitution": 1303
    }
},
{
    "model": "pantry.substitutefood",
    "pk": 1306,
    "fields": {
        "substitute_food": "kidney beans",
        "ratio": "1",
        "substitution": 1304
    }
},
{
    "model": "pantry.substitutefood",
    "pk": 1307,
    "fields": {
        "substitute_food": "turmeric",
        "ratio": "1",
        "substitution": 1305
    }
},
{
    "model": "pantry.substitutefood",
    "pk": 1308,
    "fields": {
        "substitute_food": "red beans",
        "ratio": "1",
        "substitution": 1306
    }
},
{
    "model": "pantry.substitutefood",
    "pk": 1309,
    "fields": {
        "substitute_food": "refried beans",
        "ratio": "1",
        "substitution": 1307
    }
},
{
    "model": "pantry.substitutefood",
    "pk": 1310,
    "fields": {
        "substitute_food": "white beans",
        "ratio": "1",
        "substitution": 1308
    }
},
{
    "model": "pantry.substitutefood",
    "pk": 1311,
    "fields": {
        "substitute_food": "beans",
        "ratio": "1",
        "substitution": 1309
    }
},
{
    "model": "pantry.substitutefood",
    "pk": 1312,
    "fields": {
        "substitute_food": "black beans",
        "ratio": "1",
        "substitution": 1310
    }
},
{
    "model": "pantry.substitutefood",
    "pk": 1313,
    "fields": {
        "substitute_food": "dried beans",
        "ratio": "1",
        "substitution": 1311
    }
},
{
    "model": "pantry.substitutefood",
    "pk": 1314,
    "fields": {
        "substitute_food": "dry pinto beans",
        "ratio": "1",
        "substitution": 1312
    }
},
{
    "model": "pantry.substitutefood",
    "pk": 1315,
    "fields": {
        "substitute_food": "kidney beans",
        "ratio": "1",
        "substitution": 1313
    }
}
]
